x_0,y_0,z_0,x_1,y_1,z_1,x_2,y_2,z_2,x_3,y_3,z_3,x_4,y_4,z_4,x_5,y_5,z_5,x_6,y_6,z_6,x_7,y_7,z_7,x_8,y_8,z_8,x_9,y_9,z_9,x_10,y_10,z_10,x_11,y_11,z_11,x_12,y_12,z_12,x_13,y_13,z_13,x_14,y_14,z_14,x_15,y_15,z_15,x_16,y_16,z_16,x_17,y_17,z_17,x_18,y_18,z_18,x_19,y_19,z_19,x_20,y_20,z_20,label,filepath
0.0,0.0,0.0,-0.13385780155658722,-0.24580761790275574,0.056348636746406555,-0.12680374085903168,-0.51450514793396,0.07653503865003586,-0.10696651041507721,-0.7130261659622192,0.05986978858709335,-0.08020249754190445,-0.8710486888885498,0.050312548875808716,0.20493805408477783,-0.6318044066429138,0.18400484323501587,0.11179983615875244,-0.9381908774375916,0.12578095495700836,-0.016037670895457268,-0.8918407559394836,0.07032155245542526,-0.05796670913696289,-0.7570769190788269,0.051742006093263626,0.24317209422588348,-0.6464146971702576,0.1240314468741417,0.14010454714298248,-0.9812211990356445,0.07625453174114227,0.0059457262977957726,-0.9099069833755493,0.038648322224617004,-0.020435849204659462,-0.7712569832801819,0.03188035264611244,0.2776166498661041,-0.6503376960754395,0.048835404217243195,0.17181265354156494,-0.985129714012146,0.01368451863527298,0.04714737460017204,-0.8938999176025391,0.014674588106572628,0.03057085908949375,-0.7515263557434082,0.027770118787884712,0.3050551116466522,-0.6388855576515198,-0.026697926223278046,0.20479021966457367,-0.9267489314079285,-0.03229447454214096,0.10213447362184525,-0.8542285561561584,-0.0013518028426915407,0.07918500900268555,-0.7161869406700134,0.03196824714541435,1,C:\Users\shubh\Downloads\asl_quality_bi\data\raw\asl_alphabet\1\1000.jpg
0.0,0.0,0.0,0.17360562086105347,-0.12269897758960724,-0.08131961524486542,0.40259286761283875,-0.14294283092021942,-0.13978685438632965,0.5589321851730347,-0.10807118564844131,-0.18978098034858704,0.6518229842185974,-0.06678678095340729,-0.23989002406597137,0.43674296140670776,0.10866612195968628,-0.12379883229732513,0.6274210214614868,0.2255970686674118,-0.20296864211559296,0.7517092823982239,0.299394428730011,-0.2624611556529999,0.8346025943756104,0.3579288125038147,-0.3016442358493805,0.37606093287467957,0.23022954165935516,-0.13031236827373505,0.5869335532188416,0.36686134338378906,-0.19842709600925446,0.7330164313316345,0.4554707407951355,-0.24637120962142944,0.8424665927886963,0.5387486815452576,-0.27932122349739075,0.3029734194278717,0.3124482333660126,-0.1433696299791336,0.5049302577972412,0.4412308931350708,-0.20701533555984497,0.6487525701522827,0.5239683985710144,-0.23346208035945892,0.7628999948501587,0.5973737835884094,-0.2474118322134018,0.2175241857767105,0.3608006238937378,-0.1627284735441208,0.364716112613678,0.47144758701324463,-0.21878264844417572,0.4755626320838928,0.5370805859565735,-0.2304307520389557,0.5699790716171265,0.5942867994308472,-0.23194466531276703,1,C:\Users\shubh\Downloads\asl_quality_bi\data\raw\asl_alphabet\1\1017.jpg
0.0,0.0,0.0,0.17360562086105347,-0.12269897758960724,-0.08131961524486542,0.40259286761283875,-0.14294283092021942,-0.13978685438632965,0.5589321851730347,-0.10807118564844131,-0.18978098034858704,0.6518229842185974,-0.06678678095340729,-0.23989002406597137,0.43674296140670776,0.10866612195968628,-0.12379883229732513,0.6274210214614868,0.2255970686674118,-0.20296864211559296,0.7517092823982239,0.299394428730011,-0.2624611556529999,0.8346025943756104,0.3579288125038147,-0.3016442358493805,0.37606093287467957,0.23022954165935516,-0.13031236827373505,0.5869335532188416,0.36686134338378906,-0.19842709600925446,0.7330164313316345,0.4554707407951355,-0.24637120962142944,0.8424665927886963,0.5387486815452576,-0.27932122349739075,0.3029734194278717,0.3124482333660126,-0.1433696299791336,0.5049302577972412,0.4412308931350708,-0.20701533555984497,0.6487525701522827,0.5239683985710144,-0.23346208035945892,0.7628999948501587,0.5973737835884094,-0.2474118322134018,0.2175241857767105,0.3608006238937378,-0.1627284735441208,0.364716112613678,0.47144758701324463,-0.21878264844417572,0.4755626320838928,0.5370805859565735,-0.2304307520389557,0.5699790716171265,0.5942867994308472,-0.23194466531276703,1,C:\Users\shubh\Downloads\asl_quality_bi\data\raw\asl_alphabet\1\1018.jpg
0.0,0.0,0.0,0.17099110782146454,-0.12852813303470612,-0.10692974925041199,0.3967030346393585,-0.14184078574180603,-0.16064932942390442,0.5482960343360901,-0.1028294488787651,-0.20013616979122162,0.6440184712409973,-0.07396608591079712,-0.23712705075740814,0.4932194650173187,0.14092221856117249,-0.10561779141426086,0.6547020673751831,0.27186498045921326,-0.17463093996047974,0.769709587097168,0.35876837372779846,-0.2364727109670639,0.8612900376319885,0.4251098036766052,-0.2792661190032959,0.4248042404651642,0.25954127311706543,-0.09104228019714355,0.5912545919418335,0.4060360789299011,-0.14459705352783203,0.7117369771003723,0.49814900755882263,-0.18905393779277802,0.8105912208557129,0.585612416267395,-0.22180338203907013,0.3482854664325714,0.3405645787715912,-0.08788856118917465,0.5013754367828369,0.4853159189224243,-0.13277378678321838,0.6149738430976868,0.5727555751800537,-0.14968474209308624,0.7098472118377686,0.6545495390892029,-0.15987813472747803,0.25861427187919617,0.390436053276062,-0.09604621678590775,0.37794190645217896,0.5270209312438965,-0.13351117074489594,0.467424213886261,0.60966557264328,-0.1400243043899536,0.5485911965370178,0.6851364374160767,-0.14048904180526733,1,C:\Users\shubh\Downloads\asl_quality_bi\data\raw\asl_alphabet\1\1021.jpg
0.0,0.0,0.0,0.17099110782146454,-0.12852813303470612,-0.10692974925041199,0.3967030346393585,-0.14184078574180603,-0.16064932942390442,0.5482960343360901,-0.1028294488787651,-0.20013616979122162,0.6440184712409973,-0.07396608591079712,-0.23712705075740814,0.4932194650173187,0.14092221856117249,-0.10561779141426086,0.6547020673751831,0.27186498045921326,-0.17463093996047974,0.769709587097168,0.35876837372779846,-0.2364727109670639,0.8612900376319885,0.4251098036766052,-0.2792661190032959,0.4248042404651642,0.25954127311706543,-0.09104228019714355,0.5912545919418335,0.4060360789299011,-0.14459705352783203,0.7117369771003723,0.49814900755882263,-0.18905393779277802,0.8105912208557129,0.585612416267395,-0.22180338203907013,0.3482854664325714,0.3405645787715912,-0.08788856118917465,0.5013754367828369,0.4853159189224243,-0.13277378678321838,0.6149738430976868,0.5727555751800537,-0.14968474209308624,0.7098472118377686,0.6545495390892029,-0.15987813472747803,0.25861427187919617,0.390436053276062,-0.09604621678590775,0.37794190645217896,0.5270209312438965,-0.13351117074489594,0.467424213886261,0.60966557264328,-0.1400243043899536,0.5485911965370178,0.6851364374160767,-0.14048904180526733,1,C:\Users\shubh\Downloads\asl_quality_bi\data\raw\asl_alphabet\1\1022.jpg
0.0,0.0,0.0,-0.12107515335083008,-0.16568641364574432,-0.01005422044545412,-0.12862177193164825,-0.34355783462524414,-0.0333222933113575,-0.0543895922601223,-0.4806208610534668,-0.04922547563910484,0.028441954404115677,-0.5429835915565491,-0.06647273153066635,-0.10881464928388596,-0.4330131411552429,-0.14396239817142487,-0.12745767831802368,-0.670061469078064,-0.23172181844711304,-0.12160050123929977,-0.8347872495651245,-0.28485414385795593,-0.11644314974546432,-0.9614189863204956,-0.3162289261817932,0.030458854511380196,-0.4083736538887024,-0.1692887544631958,0.12317761033773422,-0.6871004104614258,-0.2346165031194687,0.1644926518201828,-0.8539984822273254,-0.26669278740882874,0.18993884325027466,-0.9817958474159241,-0.28798243403434753,0.16856732964515686,-0.3500354290008545,-0.1887972354888916,0.31817030906677246,-0.5712234377861023,-0.25392431020736694,0.3923652470111847,-0.7081711888313293,-0.28773269057273865,0.44785380363464355,-0.8215925097465515,-0.30544546246528625,0.2820320129394531,-0.2730754017829895,-0.20288832485675812,0.4418160021305084,-0.39549270272254944,-0.2498106062412262,0.5222758650779724,-0.4717933237552643,-0.25626030564308167,0.5904507637023926,-0.5499182343482971,-0.25516730546951294,4,C:\Users\shubh\Downloads\asl_quality_bi\data\raw\asl_alphabet\4\1 copy.jpg
0.0,0.0,0.0,-0.12107515335083008,-0.16568641364574432,-0.01005422044545412,-0.12862177193164825,-0.34355783462524414,-0.0333222933113575,-0.0543895922601223,-0.4806208610534668,-0.04922547563910484,0.028441954404115677,-0.5429835915565491,-0.06647273153066635,-0.10881464928388596,-0.4330131411552429,-0.14396239817142487,-0.12745767831802368,-0.670061469078064,-0.23172181844711304,-0.12160050123929977,-0.8347872495651245,-0.28485414385795593,-0.11644314974546432,-0.9614189863204956,-0.3162289261817932,0.030458854511380196,-0.4083736538887024,-0.1692887544631958,0.12317761033773422,-0.6871004104614258,-0.2346165031194687,0.1644926518201828,-0.8539984822273254,-0.26669278740882874,0.18993884325027466,-0.9817958474159241,-0.28798243403434753,0.16856732964515686,-0.3500354290008545,-0.1887972354888916,0.31817030906677246,-0.5712234377861023,-0.25392431020736694,0.3923652470111847,-0.7081711888313293,-0.28773269057273865,0.44785380363464355,-0.8215925097465515,-0.30544546246528625,0.2820320129394531,-0.2730754017829895,-0.20288832485675812,0.4418160021305084,-0.39549270272254944,-0.2498106062412262,0.5222758650779724,-0.4717933237552643,-0.25626030564308167,0.5904507637023926,-0.5499182343482971,-0.25516730546951294,4,C:\Users\shubh\Downloads\asl_quality_bi\data\raw\asl_alphabet\4\1.jpg
0.0,0.0,0.0,-0.13096825778484344,-0.1550598293542862,-0.011535714380443096,-0.1547267735004425,-0.3272850513458252,-0.03110571950674057,-0.09802846610546112,-0.45467472076416016,-0.043096642941236496,-0.014193631708621979,-0.5074590444564819,-0.05787539482116699,-0.10141689330339432,-0.4364159107208252,-0.1343749761581421,-0.11900592595338821,-0.6713833212852478,-0.2092200219631195,-0.11663811653852463,-0.8287485241889954,-0.2557747960090637,-0.11074095219373703,-0.9506404995918274,-0.28486865758895874,0.03413860499858856,-0.410241037607193,-0.15759140253067017,0.11496894806623459,-0.6848810315132141,-0.21169689297676086,0.1508042812347412,-0.8530451655387878,-0.24138544499874115,0.17351745069026947,-0.9848307967185974,-0.26421239972114563,0.1648329794406891,-0.3488004207611084,-0.1757989525794983,0.3098973035812378,-0.5667544007301331,-0.2328517884016037,0.38389304280281067,-0.6975920796394348,-0.2701432704925537,0.43929028511047363,-0.8042596578598022,-0.29289335012435913,0.2744186818599701,-0.27123403549194336,-0.18897411227226257,0.4290200173854828,-0.39352330565452576,-0.2336871325969696,0.5154001116752625,-0.46869561076164246,-0.2452223002910614,0.5854251384735107,-0.5441400408744812,-0.2500004470348358,4,C:\Users\shubh\Downloads\asl_quality_bi\data\raw\asl_alphabet\4\10 copy.jpg
0.0,0.0,0.0,-0.13096825778484344,-0.1550598293542862,-0.011535714380443096,-0.1547267735004425,-0.3272850513458252,-0.03110571950674057,-0.09802846610546112,-0.45467472076416016,-0.043096642941236496,-0.014193631708621979,-0.5074590444564819,-0.05787539482116699,-0.10141689330339432,-0.4364159107208252,-0.1343749761581421,-0.11900592595338821,-0.6713833212852478,-0.2092200219631195,-0.11663811653852463,-0.8287485241889954,-0.2557747960090637,-0.11074095219373703,-0.9506404995918274,-0.28486865758895874,0.03413860499858856,-0.410241037607193,-0.15759140253067017,0.11496894806623459,-0.6848810315132141,-0.21169689297676086,0.1508042812347412,-0.8530451655387878,-0.24138544499874115,0.17351745069026947,-0.9848307967185974,-0.26421239972114563,0.1648329794406891,-0.3488004207611084,-0.1757989525794983,0.3098973035812378,-0.5667544007301331,-0.2328517884016037,0.38389304280281067,-0.6975920796394348,-0.2701432704925537,0.43929028511047363,-0.8042596578598022,-0.29289335012435913,0.2744186818599701,-0.27123403549194336,-0.18897411227226257,0.4290200173854828,-0.39352330565452576,-0.2336871325969696,0.5154001116752625,-0.46869561076164246,-0.2452223002910614,0.5854251384735107,-0.5441400408744812,-0.2500004470348358,4,C:\Users\shubh\Downloads\asl_quality_bi\data\raw\asl_alphabet\4\10.jpg
0.0,0.0,0.0,-0.09805861115455627,-0.13655224442481995,-0.012712111696600914,-0.10523596405982971,-0.2887813150882721,-0.024570856243371964,-0.037902362644672394,-0.40061816573143005,-0.03434174507856369,0.0363783985376358,-0.4604409635066986,-0.046204518526792526,-0.05689847841858864,-0.4541248679161072,-0.07952908426523209,-0.06892044097185135,-0.67399662733078,-0.13121895492076874,-0.06600349396467209,-0.81516432762146,-0.1659073829650879,-0.05359445884823799,-0.9239181280136108,-0.1899540275335312,0.0690007209777832,-0.4434022605419159,-0.09974370151758194,0.1404796987771988,-0.7025216817855835,-0.14386232197284698,0.16969168186187744,-0.8620414733886719,-0.17144709825515747,0.17757132649421692,-0.9841079711914062,-0.19224430620670319,0.18842923641204834,-0.386936753988266,-0.11831000447273254,0.32832279801368713,-0.5871051549911499,-0.17283160984516144,0.3994605839252472,-0.7110118865966797,-0.2148406058549881,0.4453122615814209,-0.8124562501907349,-0.23926115036010742,0.28875967860221863,-0.30524367094039917,-0.13295388221740723,0.4306279122829437,-0.42075833678245544,-0.1796332746744156,0.5131509900093079,-0.4981635510921478,-0.1982222944498062,0.575221061706543,-0.5750648379325867,-0.20790615677833557,4,C:\Users\shubh\Downloads\asl_quality_bi\data\raw\asl_alphabet\4\100 copy.jpg
0.0,0.0,0.0,-0.09805861115455627,-0.13655224442481995,-0.012712111696600914,-0.10523596405982971,-0.2887813150882721,-0.024570856243371964,-0.037902362644672394,-0.40061816573143005,-0.03434174507856369,0.0363783985376358,-0.4604409635066986,-0.046204518526792526,-0.05689847841858864,-0.4541248679161072,-0.07952908426523209,-0.06892044097185135,-0.67399662733078,-0.13121895492076874,-0.06600349396467209,-0.81516432762146,-0.1659073829650879,-0.05359445884823799,-0.9239181280136108,-0.1899540275335312,0.0690007209777832,-0.4434022605419159,-0.09974370151758194,0.1404796987771988,-0.7025216817855835,-0.14386232197284698,0.16969168186187744,-0.8620414733886719,-0.17144709825515747,0.17757132649421692,-0.9841079711914062,-0.19224430620670319,0.18842923641204834,-0.386936753988266,-0.11831000447273254,0.32832279801368713,-0.5871051549911499,-0.17283160984516144,0.3994605839252472,-0.7110118865966797,-0.2148406058549881,0.4453122615814209,-0.8124562501907349,-0.23926115036010742,0.28875967860221863,-0.30524367094039917,-0.13295388221740723,0.4306279122829437,-0.42075833678245544,-0.1796332746744156,0.5131509900093079,-0.4981635510921478,-0.1982222944498062,0.575221061706543,-0.5750648379325867,-0.20790615677833557,4,C:\Users\shubh\Downloads\asl_quality_bi\data\raw\asl_alphabet\4\100.jpg
0.0,0.0,0.0,-0.0808217003941536,-0.14415791630744934,0.0256364643573761,-0.10194066911935806,-0.3093719184398651,0.01766478456556797,-0.0849575325846672,-0.44973233342170715,0.007213622331619263,-0.10826607793569565,-0.5341544151306152,-0.009887821041047573,-0.09761502593755722,-0.42174139618873596,-0.07682320475578308,-0.18411609530448914,-0.5966278910636902,-0.13982129096984863,-0.23273123800754547,-0.7029263377189636,-0.191337451338768,-0.2631615400314331,-0.7821100950241089,-0.2248213142156601,-0.00014412279415410012,-0.4240104556083679,-0.11274717003107071,0.008888748474419117,-0.7073492407798767,-0.15956346690654755,0.014143156819045544,-0.8726782202720642,-0.19597424566745758,0.009215708822011948,-0.9999575018882751,-0.22817297279834747,0.11901283264160156,-0.38800758123397827,-0.14188623428344727,0.22807694971561432,-0.6218739151954651,-0.1974545568227768,0.2825985550880432,-0.7612382173538208,-0.24919234216213226,0.31447187066078186,-0.8684632778167725,-0.28454577922821045,0.23654039204120636,-0.3243202567100525,-0.16237223148345947,0.3853320777416229,-0.43930479884147644,-0.20170900225639343,0.46484407782554626,-0.511480987071991,-0.21972735226154327,0.5245993137359619,-0.587698221206665,-0.23441341519355774,4,C:\Users\shubh\Downloads\asl_quality_bi\data\raw\asl_alphabet\4\1000 copy.jpg
0.0,0.0,0.0,-0.0808217003941536,-0.14415791630744934,0.0256364643573761,-0.10194066911935806,-0.3093719184398651,0.01766478456556797,-0.0849575325846672,-0.44973233342170715,0.007213622331619263,-0.10826607793569565,-0.5341544151306152,-0.009887821041047573,-0.09761502593755722,-0.42174139618873596,-0.07682320475578308,-0.18411609530448914,-0.5966278910636902,-0.13982129096984863,-0.23273123800754547,-0.7029263377189636,-0.191337451338768,-0.2631615400314331,-0.7821100950241089,-0.2248213142156601,-0.00014412279415410012,-0.4240104556083679,-0.11274717003107071,0.008888748474419117,-0.7073492407798767,-0.15956346690654755,0.014143156819045544,-0.8726782202720642,-0.19597424566745758,0.009215708822011948,-0.9999575018882751,-0.22817297279834747,0.11901283264160156,-0.38800758123397827,-0.14188623428344727,0.22807694971561432,-0.6218739151954651,-0.1974545568227768,0.2825985550880432,-0.7612382173538208,-0.24919234216213226,0.31447187066078186,-0.8684632778167725,-0.28454577922821045,0.23654039204120636,-0.3243202567100525,-0.16237223148345947,0.3853320777416229,-0.43930479884147644,-0.20170900225639343,0.46484407782554626,-0.511480987071991,-0.21972735226154327,0.5245993137359619,-0.587698221206665,-0.23441341519355774,4,C:\Users\shubh\Downloads\asl_quality_bi\data\raw\asl_alphabet\4\1000.jpg
0.0,0.0,0.0,-0.13298912346363068,-0.1393997222185135,0.0263880155980587,-0.17674319446086884,-0.2939401865005493,0.0214286707341671,-0.15523169934749603,-0.4108593165874481,0.016392037272453308,-0.11315207928419113,-0.46755653619766235,0.005637295078486204,-0.17765690386295319,-0.4092470109462738,-0.0858168676495552,-0.2668556272983551,-0.58005291223526,-0.14693038165569305,-0.3304838240146637,-0.6966296434402466,-0.1918899565935135,-0.36951810121536255,-0.7904635071754456,-0.22095635533332825,-0.05490176007151604,-0.4191100001335144,-0.12263816595077515,-0.045182254165410995,-0.7020257115364075,-0.17231588065624237,-0.03888055309653282,-0.8654913902282715,-0.2032954841852188,-0.03000572696328163,-0.9995497465133667,-0.22561916708946228,0.08468426764011383,-0.38363906741142273,-0.15060482919216156,0.19529516994953156,-0.619592547416687,-0.21269159018993378,0.2511885166168213,-0.7479299306869507,-0.25545841455459595,0.29348722100257874,-0.8610731959342957,-0.2779853045940399,0.21677641570568085,-0.3153795301914215,-0.16829584538936615,0.35796380043029785,-0.44413480162620544,-0.21262693405151367,0.433542400598526,-0.5203582644462585,-0.21807697415351868,0.49261629581451416,-0.6019322276115417,-0.21724823117256165,4,C:\Users\shubh\Downloads\asl_quality_bi\data\raw\asl_alphabet\4\1001 copy.jpg
0.0,0.0,0.0,-0.13298912346363068,-0.1393997222185135,0.0263880155980587,-0.17674319446086884,-0.2939401865005493,0.0214286707341671,-0.15523169934749603,-0.4108593165874481,0.016392037272453308,-0.11315207928419113,-0.46755653619766235,0.005637295078486204,-0.17765690386295319,-0.4092470109462738,-0.0858168676495552,-0.2668556272983551,-0.58005291223526,-0.14693038165569305,-0.3304838240146637,-0.6966296434402466,-0.1918899565935135,-0.36951810121536255,-0.7904635071754456,-0.22095635533332825,-0.05490176007151604,-0.4191100001335144,-0.12263816595077515,-0.045182254165410995,-0.7020257115364075,-0.17231588065624237,-0.03888055309653282,-0.8654913902282715,-0.2032954841852188,-0.03000572696328163,-0.9995497465133667,-0.22561916708946228,0.08468426764011383,-0.38363906741142273,-0.15060482919216156,0.19529516994953156,-0.619592547416687,-0.21269159018993378,0.2511885166168213,-0.7479299306869507,-0.25545841455459595,0.29348722100257874,-0.8610731959342957,-0.2779853045940399,0.21677641570568085,-0.3153795301914215,-0.16829584538936615,0.35796380043029785,-0.44413480162620544,-0.21262693405151367,0.433542400598526,-0.5203582644462585,-0.21807697415351868,0.49261629581451416,-0.6019322276115417,-0.21724823117256165,4,C:\Users\shubh\Downloads\asl_quality_bi\data\raw\asl_alphabet\4\1001.jpg
0.0,0.0,0.0,-0.13298912346363068,-0.1393997222185135,0.0263880155980587,-0.17674319446086884,-0.2939401865005493,0.0214286707341671,-0.15523169934749603,-0.4108593165874481,0.016392037272453308,-0.11315207928419113,-0.46755653619766235,0.005637295078486204,-0.17765690386295319,-0.4092470109462738,-0.0858168676495552,-0.2668556272983551,-0.58005291223526,-0.14693038165569305,-0.3304838240146637,-0.6966296434402466,-0.1918899565935135,-0.36951810121536255,-0.7904635071754456,-0.22095635533332825,-0.05490176007151604,-0.4191100001335144,-0.12263816595077515,-0.045182254165410995,-0.7020257115364075,-0.17231588065624237,-0.03888055309653282,-0.8654913902282715,-0.2032954841852188,-0.03000572696328163,-0.9995497465133667,-0.22561916708946228,0.08468426764011383,-0.38363906741142273,-0.15060482919216156,0.19529516994953156,-0.619592547416687,-0.21269159018993378,0.2511885166168213,-0.7479299306869507,-0.25545841455459595,0.29348722100257874,-0.8610731959342957,-0.2779853045940399,0.21677641570568085,-0.3153795301914215,-0.16829584538936615,0.35796380043029785,-0.44413480162620544,-0.21262693405151367,0.433542400598526,-0.5203582644462585,-0.21807697415351868,0.49261629581451416,-0.6019322276115417,-0.21724823117256165,4,C:\Users\shubh\Downloads\asl_quality_bi\data\raw\asl_alphabet\4\1002 copy.jpg
0.0,0.0,0.0,-0.13298912346363068,-0.1393997222185135,0.0263880155980587,-0.17674319446086884,-0.2939401865005493,0.0214286707341671,-0.15523169934749603,-0.4108593165874481,0.016392037272453308,-0.11315207928419113,-0.46755653619766235,0.005637295078486204,-0.17765690386295319,-0.4092470109462738,-0.0858168676495552,-0.2668556272983551,-0.58005291223526,-0.14693038165569305,-0.3304838240146637,-0.6966296434402466,-0.1918899565935135,-0.36951810121536255,-0.7904635071754456,-0.22095635533332825,-0.05490176007151604,-0.4191100001335144,-0.12263816595077515,-0.045182254165410995,-0.7020257115364075,-0.17231588065624237,-0.03888055309653282,-0.8654913902282715,-0.2032954841852188,-0.03000572696328163,-0.9995497465133667,-0.22561916708946228,0.08468426764011383,-0.38363906741142273,-0.15060482919216156,0.19529516994953156,-0.619592547416687,-0.21269159018993378,0.2511885166168213,-0.7479299306869507,-0.25545841455459595,0.29348722100257874,-0.8610731959342957,-0.2779853045940399,0.21677641570568085,-0.3153795301914215,-0.16829584538936615,0.35796380043029785,-0.44413480162620544,-0.21262693405151367,0.433542400598526,-0.5203582644462585,-0.21807697415351868,0.49261629581451416,-0.6019322276115417,-0.21724823117256165,4,C:\Users\shubh\Downloads\asl_quality_bi\data\raw\asl_alphabet\4\1002.jpg
0.0,0.0,0.0,-0.1254834532737732,-0.12364105880260468,0.02702108770608902,-0.173058420419693,-0.26718869805336,0.02594718337059021,-0.14975978434085846,-0.38119402527809143,0.02534857578575611,-0.11539279669523239,-0.4450973868370056,0.019698908552527428,-0.16465812921524048,-0.4084763526916504,-0.07588467001914978,-0.2545691728591919,-0.5694091320037842,-0.13204163312911987,-0.31262722611427307,-0.6844596862792969,-0.17984487116336823,-0.3460652828216553,-0.7811877131462097,-0.21209795773029327,-0.051289282739162445,-0.4237125813961029,-0.10862590372562408,-0.039887115359306335,-0.6977836489677429,-0.1475459486246109,-0.03357626870274544,-0.8635510206222534,-0.18045778572559357,-0.029721703380346298,-0.9995582103729248,-0.20813418924808502,0.0844472348690033,-0.3934265077114105,-0.1329544484615326,0.1969972401857376,-0.6284034252166748,-0.18478617072105408,0.25281667709350586,-0.7563090920448303,-0.23387284576892853,0.28792694211006165,-0.8649525046348572,-0.26451557874679565,0.21895244717597961,-0.33463945984840393,-0.14758813381195068,0.3613629937171936,-0.4543760120868683,-0.18850599229335785,0.43505874276161194,-0.5287723541259766,-0.20146650075912476,0.4896547198295593,-0.610129714012146,-0.20824435353279114,4,C:\Users\shubh\Downloads\asl_quality_bi\data\raw\asl_alphabet\4\1003 copy.jpg
0.0,0.0,0.0,-0.1254834532737732,-0.12364105880260468,0.02702108770608902,-0.173058420419693,-0.26718869805336,0.02594718337059021,-0.14975978434085846,-0.38119402527809143,0.02534857578575611,-0.11539279669523239,-0.4450973868370056,0.019698908552527428,-0.16465812921524048,-0.4084763526916504,-0.07588467001914978,-0.2545691728591919,-0.5694091320037842,-0.13204163312911987,-0.31262722611427307,-0.6844596862792969,-0.17984487116336823,-0.3460652828216553,-0.7811877131462097,-0.21209795773029327,-0.051289282739162445,-0.4237125813961029,-0.10862590372562408,-0.039887115359306335,-0.6977836489677429,-0.1475459486246109,-0.03357626870274544,-0.8635510206222534,-0.18045778572559357,-0.029721703380346298,-0.9995582103729248,-0.20813418924808502,0.0844472348690033,-0.3934265077114105,-0.1329544484615326,0.1969972401857376,-0.6284034252166748,-0.18478617072105408,0.25281667709350586,-0.7563090920448303,-0.23387284576892853,0.28792694211006165,-0.8649525046348572,-0.26451557874679565,0.21895244717597961,-0.33463945984840393,-0.14758813381195068,0.3613629937171936,-0.4543760120868683,-0.18850599229335785,0.43505874276161194,-0.5287723541259766,-0.20146650075912476,0.4896547198295593,-0.610129714012146,-0.20824435353279114,4,C:\Users\shubh\Downloads\asl_quality_bi\data\raw\asl_alphabet\4\1003.jpg
0.0,0.0,0.0,-0.1254834532737732,-0.12364105880260468,0.02702108770608902,-0.173058420419693,-0.26718869805336,0.02594718337059021,-0.14975978434085846,-0.38119402527809143,0.02534857578575611,-0.11539279669523239,-0.4450973868370056,0.019698908552527428,-0.16465812921524048,-0.4084763526916504,-0.07588467001914978,-0.2545691728591919,-0.5694091320037842,-0.13204163312911987,-0.31262722611427307,-0.6844596862792969,-0.17984487116336823,-0.3460652828216553,-0.7811877131462097,-0.21209795773029327,-0.051289282739162445,-0.4237125813961029,-0.10862590372562408,-0.039887115359306335,-0.6977836489677429,-0.1475459486246109,-0.03357626870274544,-0.8635510206222534,-0.18045778572559357,-0.029721703380346298,-0.9995582103729248,-0.20813418924808502,0.0844472348690033,-0.3934265077114105,-0.1329544484615326,0.1969972401857376,-0.6284034252166748,-0.18478617072105408,0.25281667709350586,-0.7563090920448303,-0.23387284576892853,0.28792694211006165,-0.8649525046348572,-0.26451557874679565,0.21895244717597961,-0.33463945984840393,-0.14758813381195068,0.3613629937171936,-0.4543760120868683,-0.18850599229335785,0.43505874276161194,-0.5287723541259766,-0.20146650075912476,0.4896547198295593,-0.610129714012146,-0.20824435353279114,4,C:\Users\shubh\Downloads\asl_quality_bi\data\raw\asl_alphabet\4\1004 copy.jpg
0.0,0.0,0.0,-0.1254834532737732,-0.12364105880260468,0.02702108770608902,-0.173058420419693,-0.26718869805336,0.02594718337059021,-0.14975978434085846,-0.38119402527809143,0.02534857578575611,-0.11539279669523239,-0.4450973868370056,0.019698908552527428,-0.16465812921524048,-0.4084763526916504,-0.07588467001914978,-0.2545691728591919,-0.5694091320037842,-0.13204163312911987,-0.31262722611427307,-0.6844596862792969,-0.17984487116336823,-0.3460652828216553,-0.7811877131462097,-0.21209795773029327,-0.051289282739162445,-0.4237125813961029,-0.10862590372562408,-0.039887115359306335,-0.6977836489677429,-0.1475459486246109,-0.03357626870274544,-0.8635510206222534,-0.18045778572559357,-0.029721703380346298,-0.9995582103729248,-0.20813418924808502,0.0844472348690033,-0.3934265077114105,-0.1329544484615326,0.1969972401857376,-0.6284034252166748,-0.18478617072105408,0.25281667709350586,-0.7563090920448303,-0.23387284576892853,0.28792694211006165,-0.8649525046348572,-0.26451557874679565,0.21895244717597961,-0.33463945984840393,-0.14758813381195068,0.3613629937171936,-0.4543760120868683,-0.18850599229335785,0.43505874276161194,-0.5287723541259766,-0.20146650075912476,0.4896547198295593,-0.610129714012146,-0.20824435353279114,4,C:\Users\shubh\Downloads\asl_quality_bi\data\raw\asl_alphabet\4\1004.jpg
0.0,0.0,0.0,-0.0808921605348587,-0.12360270321369171,0.03359149023890495,-0.10781235992908478,-0.26463666558265686,0.02797802723944187,-0.11153516918420792,-0.39312469959259033,0.018786443397402763,-0.1332821249961853,-0.47593772411346436,0.001301937852986157,-0.11790212988853455,-0.41393497586250305,-0.05672131106257439,-0.21060286462306976,-0.5601574778556824,-0.10923073440790176,-0.2694021165370941,-0.646511971950531,-0.15422074496746063,-0.3010426163673401,-0.707206666469574,-0.18516398966312408,-0.016921887174248695,-0.42298972606658936,-0.09685367345809937,-0.02969038113951683,-0.7012748122215271,-0.13865971565246582,-0.03508767858147621,-0.8660091161727905,-0.18082386255264282,-0.03633406013250351,-0.999339759349823,-0.21912114322185516,0.10501590371131897,-0.387545645236969,-0.1292678862810135,0.22187469899654388,-0.6212002038955688,-0.1912020593881607,0.27228647470474243,-0.7549120783805847,-0.2547324299812317,0.3056187927722931,-0.8616350293159485,-0.2972515821456909,0.22603270411491394,-0.31538304686546326,-0.14998920261859894,0.3932136595249176,-0.42929255962371826,-0.20130853354930878,0.4805202782154083,-0.5030207633972168,-0.22531577944755554,0.5477980375289917,-0.5886945128440857,-0.2428823560476303,4,C:\Users\shubh\Downloads\asl_quality_bi\data\raw\asl_alphabet\4\1005 copy.jpg
0.0,0.0,0.0,-0.0808921605348587,-0.12360270321369171,0.03359149023890495,-0.10781235992908478,-0.26463666558265686,0.02797802723944187,-0.11153516918420792,-0.39312469959259033,0.018786443397402763,-0.1332821249961853,-0.47593772411346436,0.001301937852986157,-0.11790212988853455,-0.41393497586250305,-0.05672131106257439,-0.21060286462306976,-0.5601574778556824,-0.10923073440790176,-0.2694021165370941,-0.646511971950531,-0.15422074496746063,-0.3010426163673401,-0.707206666469574,-0.18516398966312408,-0.016921887174248695,-0.42298972606658936,-0.09685367345809937,-0.02969038113951683,-0.7012748122215271,-0.13865971565246582,-0.03508767858147621,-0.8660091161727905,-0.18082386255264282,-0.03633406013250351,-0.999339759349823,-0.21912114322185516,0.10501590371131897,-0.387545645236969,-0.1292678862810135,0.22187469899654388,-0.6212002038955688,-0.1912020593881607,0.27228647470474243,-0.7549120783805847,-0.2547324299812317,0.3056187927722931,-0.8616350293159485,-0.2972515821456909,0.22603270411491394,-0.31538304686546326,-0.14998920261859894,0.3932136595249176,-0.42929255962371826,-0.20130853354930878,0.4805202782154083,-0.5030207633972168,-0.22531577944755554,0.5477980375289917,-0.5886945128440857,-0.2428823560476303,4,C:\Users\shubh\Downloads\asl_quality_bi\data\raw\asl_alphabet\4\1005.jpg
0.0,0.0,0.0,-0.0808921605348587,-0.12360270321369171,0.03359149023890495,-0.10781235992908478,-0.26463666558265686,0.02797802723944187,-0.11153516918420792,-0.39312469959259033,0.018786443397402763,-0.1332821249961853,-0.47593772411346436,0.001301937852986157,-0.11790212988853455,-0.41393497586250305,-0.05672131106257439,-0.21060286462306976,-0.5601574778556824,-0.10923073440790176,-0.2694021165370941,-0.646511971950531,-0.15422074496746063,-0.3010426163673401,-0.707206666469574,-0.18516398966312408,-0.016921887174248695,-0.42298972606658936,-0.09685367345809937,-0.02969038113951683,-0.7012748122215271,-0.13865971565246582,-0.03508767858147621,-0.8660091161727905,-0.18082386255264282,-0.03633406013250351,-0.999339759349823,-0.21912114322185516,0.10501590371131897,-0.387545645236969,-0.1292678862810135,0.22187469899654388,-0.6212002038955688,-0.1912020593881607,0.27228647470474243,-0.7549120783805847,-0.2547324299812317,0.3056187927722931,-0.8616350293159485,-0.2972515821456909,0.22603270411491394,-0.31538304686546326,-0.14998920261859894,0.3932136595249176,-0.42929255962371826,-0.20130853354930878,0.4805202782154083,-0.5030207633972168,-0.22531577944755554,0.5477980375289917,-0.5886945128440857,-0.2428823560476303,4,C:\Users\shubh\Downloads\asl_quality_bi\data\raw\asl_alphabet\4\1006 copy.jpg
0.0,0.0,0.0,-0.0808921605348587,-0.12360270321369171,0.03359149023890495,-0.10781235992908478,-0.26463666558265686,0.02797802723944187,-0.11153516918420792,-0.39312469959259033,0.018786443397402763,-0.1332821249961853,-0.47593772411346436,0.001301937852986157,-0.11790212988853455,-0.41393497586250305,-0.05672131106257439,-0.21060286462306976,-0.5601574778556824,-0.10923073440790176,-0.2694021165370941,-0.646511971950531,-0.15422074496746063,-0.3010426163673401,-0.707206666469574,-0.18516398966312408,-0.016921887174248695,-0.42298972606658936,-0.09685367345809937,-0.02969038113951683,-0.7012748122215271,-0.13865971565246582,-0.03508767858147621,-0.8660091161727905,-0.18082386255264282,-0.03633406013250351,-0.999339759349823,-0.21912114322185516,0.10501590371131897,-0.387545645236969,-0.1292678862810135,0.22187469899654388,-0.6212002038955688,-0.1912020593881607,0.27228647470474243,-0.7549120783805847,-0.2547324299812317,0.3056187927722931,-0.8616350293159485,-0.2972515821456909,0.22603270411491394,-0.31538304686546326,-0.14998920261859894,0.3932136595249176,-0.42929255962371826,-0.20130853354930878,0.4805202782154083,-0.5030207633972168,-0.22531577944755554,0.5477980375289917,-0.5886945128440857,-0.2428823560476303,4,C:\Users\shubh\Downloads\asl_quality_bi\data\raw\asl_alphabet\4\1006.jpg
0.0,0.0,0.0,-0.1306692510843277,-0.1567203849554062,0.024283472448587418,-0.15871761739253998,-0.3141176402568817,0.020779935643076897,-0.09947819262742996,-0.4419243633747101,0.019776292145252228,-0.029846854507923126,-0.5116396546363831,0.01848725602030754,-0.16746516525745392,-0.42833906412124634,-0.09607739746570587,-0.2739711403846741,-0.6029788851737976,-0.17062067985534668,-0.3357463479042053,-0.7271347641944885,-0.22321748733520508,-0.38104820251464844,-0.8270506262779236,-0.25443729758262634,-0.058245949447155,-0.4325752854347229,-0.12738759815692902,-0.038976382464170456,-0.7112778425216675,-0.1847013384103775,-0.031184151768684387,-0.8738976120948792,-0.2149272859096527,-0.0338035523891449,-0.9994284510612488,-0.23441754281520844,0.07100245356559753,-0.40218585729599,-0.14954498410224915,0.16549333930015564,-0.6379275918006897,-0.20816513895988464,0.21521206200122833,-0.7742376327514648,-0.23980003595352173,0.24876490235328674,-0.8866685032844543,-0.25477129220962524,0.19144970178604126,-0.3448076844215393,-0.16331009566783905,0.31317588686943054,-0.4686087369918823,-0.1990519016981125,0.37730973958969116,-0.5382000803947449,-0.19732192158699036,0.42964258790016174,-0.6096181869506836,-0.19040851294994354,4,C:\Users\shubh\Downloads\asl_quality_bi\data\raw\asl_alphabet\4\1007 copy.jpg
0.0,0.0,0.0,-0.1306692510843277,-0.1567203849554062,0.024283472448587418,-0.15871761739253998,-0.3141176402568817,0.020779935643076897,-0.09947819262742996,-0.4419243633747101,0.019776292145252228,-0.029846854507923126,-0.5116396546363831,0.01848725602030754,-0.16746516525745392,-0.42833906412124634,-0.09607739746570587,-0.2739711403846741,-0.6029788851737976,-0.17062067985534668,-0.3357463479042053,-0.7271347641944885,-0.22321748733520508,-0.38104820251464844,-0.8270506262779236,-0.25443729758262634,-0.058245949447155,-0.4325752854347229,-0.12738759815692902,-0.038976382464170456,-0.7112778425216675,-0.1847013384103775,-0.031184151768684387,-0.8738976120948792,-0.2149272859096527,-0.0338035523891449,-0.9994284510612488,-0.23441754281520844,0.07100245356559753,-0.40218585729599,-0.14954498410224915,0.16549333930015564,-0.6379275918006897,-0.20816513895988464,0.21521206200122833,-0.7742376327514648,-0.23980003595352173,0.24876490235328674,-0.8866685032844543,-0.25477129220962524,0.19144970178604126,-0.3448076844215393,-0.16331009566783905,0.31317588686943054,-0.4686087369918823,-0.1990519016981125,0.37730973958969116,-0.5382000803947449,-0.19732192158699036,0.42964258790016174,-0.6096181869506836,-0.19040851294994354,4,C:\Users\shubh\Downloads\asl_quality_bi\data\raw\asl_alphabet\4\1007.jpg
0.0,0.0,0.0,-0.1306692510843277,-0.1567203849554062,0.024283472448587418,-0.15871761739253998,-0.3141176402568817,0.020779935643076897,-0.09947819262742996,-0.4419243633747101,0.019776292145252228,-0.029846854507923126,-0.5116396546363831,0.01848725602030754,-0.16746516525745392,-0.42833906412124634,-0.09607739746570587,-0.2739711403846741,-0.6029788851737976,-0.17062067985534668,-0.3357463479042053,-0.7271347641944885,-0.22321748733520508,-0.38104820251464844,-0.8270506262779236,-0.25443729758262634,-0.058245949447155,-0.4325752854347229,-0.12738759815692902,-0.038976382464170456,-0.7112778425216675,-0.1847013384103775,-0.031184151768684387,-0.8738976120948792,-0.2149272859096527,-0.0338035523891449,-0.9994284510612488,-0.23441754281520844,0.07100245356559753,-0.40218585729599,-0.14954498410224915,0.16549333930015564,-0.6379275918006897,-0.20816513895988464,0.21521206200122833,-0.7742376327514648,-0.23980003595352173,0.24876490235328674,-0.8866685032844543,-0.25477129220962524,0.19144970178604126,-0.3448076844215393,-0.16331009566783905,0.31317588686943054,-0.4686087369918823,-0.1990519016981125,0.37730973958969116,-0.5382000803947449,-0.19732192158699036,0.42964258790016174,-0.6096181869506836,-0.19040851294994354,4,C:\Users\shubh\Downloads\asl_quality_bi\data\raw\asl_alphabet\4\1008 copy.jpg
0.0,0.0,0.0,-0.1306692510843277,-0.1567203849554062,0.024283472448587418,-0.15871761739253998,-0.3141176402568817,0.020779935643076897,-0.09947819262742996,-0.4419243633747101,0.019776292145252228,-0.029846854507923126,-0.5116396546363831,0.01848725602030754,-0.16746516525745392,-0.42833906412124634,-0.09607739746570587,-0.2739711403846741,-0.6029788851737976,-0.17062067985534668,-0.3357463479042053,-0.7271347641944885,-0.22321748733520508,-0.38104820251464844,-0.8270506262779236,-0.25443729758262634,-0.058245949447155,-0.4325752854347229,-0.12738759815692902,-0.038976382464170456,-0.7112778425216675,-0.1847013384103775,-0.031184151768684387,-0.8738976120948792,-0.2149272859096527,-0.0338035523891449,-0.9994284510612488,-0.23441754281520844,0.07100245356559753,-0.40218585729599,-0.14954498410224915,0.16549333930015564,-0.6379275918006897,-0.20816513895988464,0.21521206200122833,-0.7742376327514648,-0.23980003595352173,0.24876490235328674,-0.8866685032844543,-0.25477129220962524,0.19144970178604126,-0.3448076844215393,-0.16331009566783905,0.31317588686943054,-0.4686087369918823,-0.1990519016981125,0.37730973958969116,-0.5382000803947449,-0.19732192158699036,0.42964258790016174,-0.6096181869506836,-0.19040851294994354,4,C:\Users\shubh\Downloads\asl_quality_bi\data\raw\asl_alphabet\4\1008.jpg
0.0,0.0,0.0,-0.11392573267221451,-0.16047519445419312,0.02455609291791916,-0.13666020333766937,-0.3320395350456238,0.02023790404200554,-0.08170316368341446,-0.4656490683555603,0.013214852660894394,-0.022617017850279808,-0.5357765555381775,0.002287209266796708,-0.15002566576004028,-0.4315846860408783,-0.07501382380723953,-0.24004746973514557,-0.6024806499481201,-0.13947947323322296,-0.2979583144187927,-0.7189041972160339,-0.18689855933189392,-0.335636705160141,-0.8118971586227417,-0.21623404324054718,-0.04591758921742439,-0.4406141936779022,-0.11008546501398087,-0.03206884115934372,-0.7072001695632935,-0.16391824185848236,-0.02696993574500084,-0.8733133673667908,-0.19416362047195435,-0.027784323319792747,-0.9996139407157898,-0.21573156118392944,0.07790244370698929,-0.4125961661338806,-0.13869264721870422,0.17919063568115234,-0.6397741436958313,-0.19622792303562164,0.22753818333148956,-0.7718649506568909,-0.2352803647518158,0.25368574261665344,-0.8764142394065857,-0.2573699951171875,0.19574466347694397,-0.35580453276634216,-0.15975870192050934,0.32651829719543457,-0.4727712571620941,-0.19707737863063812,0.39401790499687195,-0.5477303266525269,-0.20609629154205322,0.4433649480342865,-0.6228790283203125,-0.21007949113845825,4,C:\Users\shubh\Downloads\asl_quality_bi\data\raw\asl_alphabet\4\1009 copy.jpg
0.0,0.0,0.0,-0.11392573267221451,-0.16047519445419312,0.02455609291791916,-0.13666020333766937,-0.3320395350456238,0.02023790404200554,-0.08170316368341446,-0.4656490683555603,0.013214852660894394,-0.022617017850279808,-0.5357765555381775,0.002287209266796708,-0.15002566576004028,-0.4315846860408783,-0.07501382380723953,-0.24004746973514557,-0.6024806499481201,-0.13947947323322296,-0.2979583144187927,-0.7189041972160339,-0.18689855933189392,-0.335636705160141,-0.8118971586227417,-0.21623404324054718,-0.04591758921742439,-0.4406141936779022,-0.11008546501398087,-0.03206884115934372,-0.7072001695632935,-0.16391824185848236,-0.02696993574500084,-0.8733133673667908,-0.19416362047195435,-0.027784323319792747,-0.9996139407157898,-0.21573156118392944,0.07790244370698929,-0.4125961661338806,-0.13869264721870422,0.17919063568115234,-0.6397741436958313,-0.19622792303562164,0.22753818333148956,-0.7718649506568909,-0.2352803647518158,0.25368574261665344,-0.8764142394065857,-0.2573699951171875,0.19574466347694397,-0.35580453276634216,-0.15975870192050934,0.32651829719543457,-0.4727712571620941,-0.19707737863063812,0.39401790499687195,-0.5477303266525269,-0.20609629154205322,0.4433649480342865,-0.6228790283203125,-0.21007949113845825,4,C:\Users\shubh\Downloads\asl_quality_bi\data\raw\asl_alphabet\4\1009.jpg
0.0,0.0,0.0,-0.09805861115455627,-0.13655224442481995,-0.012712111696600914,-0.10523596405982971,-0.2887813150882721,-0.024570856243371964,-0.037902362644672394,-0.40061816573143005,-0.03434174507856369,0.0363783985376358,-0.4604409635066986,-0.046204518526792526,-0.05689847841858864,-0.4541248679161072,-0.07952908426523209,-0.06892044097185135,-0.67399662733078,-0.13121895492076874,-0.06600349396467209,-0.81516432762146,-0.1659073829650879,-0.05359445884823799,-0.9239181280136108,-0.1899540275335312,0.0690007209777832,-0.4434022605419159,-0.09974370151758194,0.1404796987771988,-0.7025216817855835,-0.14386232197284698,0.16969168186187744,-0.8620414733886719,-0.17144709825515747,0.17757132649421692,-0.9841079711914062,-0.19224430620670319,0.18842923641204834,-0.386936753988266,-0.11831000447273254,0.32832279801368713,-0.5871051549911499,-0.17283160984516144,0.3994605839252472,-0.7110118865966797,-0.2148406058549881,0.4453122615814209,-0.8124562501907349,-0.23926115036010742,0.28875967860221863,-0.30524367094039917,-0.13295388221740723,0.4306279122829437,-0.42075833678245544,-0.1796332746744156,0.5131509900093079,-0.4981635510921478,-0.1982222944498062,0.575221061706543,-0.5750648379325867,-0.20790615677833557,4,C:\Users\shubh\Downloads\asl_quality_bi\data\raw\asl_alphabet\4\101 copy.jpg
0.0,0.0,0.0,-0.09805861115455627,-0.13655224442481995,-0.012712111696600914,-0.10523596405982971,-0.2887813150882721,-0.024570856243371964,-0.037902362644672394,-0.40061816573143005,-0.03434174507856369,0.0363783985376358,-0.4604409635066986,-0.046204518526792526,-0.05689847841858864,-0.4541248679161072,-0.07952908426523209,-0.06892044097185135,-0.67399662733078,-0.13121895492076874,-0.06600349396467209,-0.81516432762146,-0.1659073829650879,-0.05359445884823799,-0.9239181280136108,-0.1899540275335312,0.0690007209777832,-0.4434022605419159,-0.09974370151758194,0.1404796987771988,-0.7025216817855835,-0.14386232197284698,0.16969168186187744,-0.8620414733886719,-0.17144709825515747,0.17757132649421692,-0.9841079711914062,-0.19224430620670319,0.18842923641204834,-0.386936753988266,-0.11831000447273254,0.32832279801368713,-0.5871051549911499,-0.17283160984516144,0.3994605839252472,-0.7110118865966797,-0.2148406058549881,0.4453122615814209,-0.8124562501907349,-0.23926115036010742,0.28875967860221863,-0.30524367094039917,-0.13295388221740723,0.4306279122829437,-0.42075833678245544,-0.1796332746744156,0.5131509900093079,-0.4981635510921478,-0.1982222944498062,0.575221061706543,-0.5750648379325867,-0.20790615677833557,4,C:\Users\shubh\Downloads\asl_quality_bi\data\raw\asl_alphabet\4\101.jpg
0.0,0.0,0.0,-0.11392573267221451,-0.16047519445419312,0.02455609291791916,-0.13666020333766937,-0.3320395350456238,0.02023790404200554,-0.08170316368341446,-0.4656490683555603,0.013214852660894394,-0.022617017850279808,-0.5357765555381775,0.002287209266796708,-0.15002566576004028,-0.4315846860408783,-0.07501382380723953,-0.24004746973514557,-0.6024806499481201,-0.13947947323322296,-0.2979583144187927,-0.7189041972160339,-0.18689855933189392,-0.335636705160141,-0.8118971586227417,-0.21623404324054718,-0.04591758921742439,-0.4406141936779022,-0.11008546501398087,-0.03206884115934372,-0.7072001695632935,-0.16391824185848236,-0.02696993574500084,-0.8733133673667908,-0.19416362047195435,-0.027784323319792747,-0.9996139407157898,-0.21573156118392944,0.07790244370698929,-0.4125961661338806,-0.13869264721870422,0.17919063568115234,-0.6397741436958313,-0.19622792303562164,0.22753818333148956,-0.7718649506568909,-0.2352803647518158,0.25368574261665344,-0.8764142394065857,-0.2573699951171875,0.19574466347694397,-0.35580453276634216,-0.15975870192050934,0.32651829719543457,-0.4727712571620941,-0.19707737863063812,0.39401790499687195,-0.5477303266525269,-0.20609629154205322,0.4433649480342865,-0.6228790283203125,-0.21007949113845825,4,C:\Users\shubh\Downloads\asl_quality_bi\data\raw\asl_alphabet\4\1010 copy.jpg
0.0,0.0,0.0,-0.11392573267221451,-0.16047519445419312,0.02455609291791916,-0.13666020333766937,-0.3320395350456238,0.02023790404200554,-0.08170316368341446,-0.4656490683555603,0.013214852660894394,-0.022617017850279808,-0.5357765555381775,0.002287209266796708,-0.15002566576004028,-0.4315846860408783,-0.07501382380723953,-0.24004746973514557,-0.6024806499481201,-0.13947947323322296,-0.2979583144187927,-0.7189041972160339,-0.18689855933189392,-0.335636705160141,-0.8118971586227417,-0.21623404324054718,-0.04591758921742439,-0.4406141936779022,-0.11008546501398087,-0.03206884115934372,-0.7072001695632935,-0.16391824185848236,-0.02696993574500084,-0.8733133673667908,-0.19416362047195435,-0.027784323319792747,-0.9996139407157898,-0.21573156118392944,0.07790244370698929,-0.4125961661338806,-0.13869264721870422,0.17919063568115234,-0.6397741436958313,-0.19622792303562164,0.22753818333148956,-0.7718649506568909,-0.2352803647518158,0.25368574261665344,-0.8764142394065857,-0.2573699951171875,0.19574466347694397,-0.35580453276634216,-0.15975870192050934,0.32651829719543457,-0.4727712571620941,-0.19707737863063812,0.39401790499687195,-0.5477303266525269,-0.20609629154205322,0.4433649480342865,-0.6228790283203125,-0.21007949113845825,4,C:\Users\shubh\Downloads\asl_quality_bi\data\raw\asl_alphabet\4\1010.jpg
0.0,0.0,0.0,-0.07759853452444077,-0.1411399394273758,0.020199179649353027,-0.08659280836582184,-0.315632164478302,0.012546543963253498,-0.04748732969164848,-0.4631112217903137,0.0030737032648175955,-0.037576474249362946,-0.5467727184295654,-0.011189507320523262,-0.1060146689414978,-0.4244510531425476,-0.06933615356683731,-0.18963147699832916,-0.5861347317695618,-0.13310742378234863,-0.24055401980876923,-0.6852357387542725,-0.1875971108675003,-0.2727043926715851,-0.7621801495552063,-0.22318778932094574,-0.010372128337621689,-0.4322137236595154,-0.10046505928039551,-0.0010242450516670942,-0.7046270966529846,-0.14451871812343597,0.007594403810799122,-0.8713030815124512,-0.18027915060520172,0.000924331892747432,-0.9999995231628418,-0.21217447519302368,0.10859236866235733,-0.40013983845710754,-0.12671370804309845,0.2189927101135254,-0.6295852065086365,-0.18194423615932465,0.2747836112976074,-0.7645545601844788,-0.23361214995384216,0.3010813593864441,-0.8672705888748169,-0.2676299810409546,0.22833415865898132,-0.3404279053211212,-0.14502346515655518,0.3752088248729706,-0.45892423391342163,-0.1854386329650879,0.45104995369911194,-0.534631073474884,-0.2046642005443573,0.5035098791122437,-0.6128160357475281,-0.2190829962491989,4,C:\Users\shubh\Downloads\asl_quality_bi\data\raw\asl_alphabet\4\1011 copy.jpg
0.0,0.0,0.0,-0.07759853452444077,-0.1411399394273758,0.020199179649353027,-0.08659280836582184,-0.315632164478302,0.012546543963253498,-0.04748732969164848,-0.4631112217903137,0.0030737032648175955,-0.037576474249362946,-0.5467727184295654,-0.011189507320523262,-0.1060146689414978,-0.4244510531425476,-0.06933615356683731,-0.18963147699832916,-0.5861347317695618,-0.13310742378234863,-0.24055401980876923,-0.6852357387542725,-0.1875971108675003,-0.2727043926715851,-0.7621801495552063,-0.22318778932094574,-0.010372128337621689,-0.4322137236595154,-0.10046505928039551,-0.0010242450516670942,-0.7046270966529846,-0.14451871812343597,0.007594403810799122,-0.8713030815124512,-0.18027915060520172,0.000924331892747432,-0.9999995231628418,-0.21217447519302368,0.10859236866235733,-0.40013983845710754,-0.12671370804309845,0.2189927101135254,-0.6295852065086365,-0.18194423615932465,0.2747836112976074,-0.7645545601844788,-0.23361214995384216,0.3010813593864441,-0.8672705888748169,-0.2676299810409546,0.22833415865898132,-0.3404279053211212,-0.14502346515655518,0.3752088248729706,-0.45892423391342163,-0.1854386329650879,0.45104995369911194,-0.534631073474884,-0.2046642005443573,0.5035098791122437,-0.6128160357475281,-0.2190829962491989,4,C:\Users\shubh\Downloads\asl_quality_bi\data\raw\asl_alphabet\4\1011.jpg
0.0,0.0,0.0,-0.07759853452444077,-0.1411399394273758,0.020199179649353027,-0.08659280836582184,-0.315632164478302,0.012546543963253498,-0.04748732969164848,-0.4631112217903137,0.0030737032648175955,-0.037576474249362946,-0.5467727184295654,-0.011189507320523262,-0.1060146689414978,-0.4244510531425476,-0.06933615356683731,-0.18963147699832916,-0.5861347317695618,-0.13310742378234863,-0.24055401980876923,-0.6852357387542725,-0.1875971108675003,-0.2727043926715851,-0.7621801495552063,-0.22318778932094574,-0.010372128337621689,-0.4322137236595154,-0.10046505928039551,-0.0010242450516670942,-0.7046270966529846,-0.14451871812343597,0.007594403810799122,-0.8713030815124512,-0.18027915060520172,0.000924331892747432,-0.9999995231628418,-0.21217447519302368,0.10859236866235733,-0.40013983845710754,-0.12671370804309845,0.2189927101135254,-0.6295852065086365,-0.18194423615932465,0.2747836112976074,-0.7645545601844788,-0.23361214995384216,0.3010813593864441,-0.8672705888748169,-0.2676299810409546,0.22833415865898132,-0.3404279053211212,-0.14502346515655518,0.3752088248729706,-0.45892423391342163,-0.1854386329650879,0.45104995369911194,-0.534631073474884,-0.2046642005443573,0.5035098791122437,-0.6128160357475281,-0.2190829962491989,4,C:\Users\shubh\Downloads\asl_quality_bi\data\raw\asl_alphabet\4\1012 copy.jpg
0.0,0.0,0.0,-0.07759853452444077,-0.1411399394273758,0.020199179649353027,-0.08659280836582184,-0.315632164478302,0.012546543963253498,-0.04748732969164848,-0.4631112217903137,0.0030737032648175955,-0.037576474249362946,-0.5467727184295654,-0.011189507320523262,-0.1060146689414978,-0.4244510531425476,-0.06933615356683731,-0.18963147699832916,-0.5861347317695618,-0.13310742378234863,-0.24055401980876923,-0.6852357387542725,-0.1875971108675003,-0.2727043926715851,-0.7621801495552063,-0.22318778932094574,-0.010372128337621689,-0.4322137236595154,-0.10046505928039551,-0.0010242450516670942,-0.7046270966529846,-0.14451871812343597,0.007594403810799122,-0.8713030815124512,-0.18027915060520172,0.000924331892747432,-0.9999995231628418,-0.21217447519302368,0.10859236866235733,-0.40013983845710754,-0.12671370804309845,0.2189927101135254,-0.6295852065086365,-0.18194423615932465,0.2747836112976074,-0.7645545601844788,-0.23361214995384216,0.3010813593864441,-0.8672705888748169,-0.2676299810409546,0.22833415865898132,-0.3404279053211212,-0.14502346515655518,0.3752088248729706,-0.45892423391342163,-0.1854386329650879,0.45104995369911194,-0.534631073474884,-0.2046642005443573,0.5035098791122437,-0.6128160357475281,-0.2190829962491989,4,C:\Users\shubh\Downloads\asl_quality_bi\data\raw\asl_alphabet\4\1012.jpg
0.0,0.0,0.0,-0.13140885531902313,-0.1420881748199463,0.015035550110042095,-0.1541612297296524,-0.30914223194122314,0.013301592320203781,-0.08981005102396011,-0.44270727038383484,0.013572914525866508,-0.01918628439307213,-0.5033349990844727,0.011921018362045288,-0.16947945952415466,-0.4285109341144562,-0.07805515825748444,-0.26366686820983887,-0.6109449863433838,-0.133656308054924,-0.31946057081222534,-0.7400478720664978,-0.17520363628864288,-0.3544071912765503,-0.8404971361160278,-0.20282143354415894,-0.05692708492279053,-0.4362129271030426,-0.10712936520576477,-0.039567552506923676,-0.7080636024475098,-0.14903612434864044,-0.028506752103567123,-0.8719777464866638,-0.17616483569145203,-0.024114975705742836,-0.9997091293334961,-0.1975141316652298,0.07396072894334793,-0.40565696358680725,-0.130076065659523,0.17546947300434113,-0.6321113109588623,-0.18082360923290253,0.22703999280929565,-0.7623773813247681,-0.2195471078157425,0.26057344675064087,-0.8686291575431824,-0.24269022047519684,0.19992077350616455,-0.3523316979408264,-0.14592032134532928,0.3318077325820923,-0.4783903658390045,-0.1827155202627182,0.4036276936531067,-0.5521886348724365,-0.19069798290729523,0.45948249101638794,-0.6273636221885681,-0.19394396245479584,4,C:\Users\shubh\Downloads\asl_quality_bi\data\raw\asl_alphabet\4\1015 copy.jpg
0.0,0.0,0.0,-0.13140885531902313,-0.1420881748199463,0.015035550110042095,-0.1541612297296524,-0.30914223194122314,0.013301592320203781,-0.08981005102396011,-0.44270727038383484,0.013572914525866508,-0.01918628439307213,-0.5033349990844727,0.011921018362045288,-0.16947945952415466,-0.4285109341144562,-0.07805515825748444,-0.26366686820983887,-0.6109449863433838,-0.133656308054924,-0.31946057081222534,-0.7400478720664978,-0.17520363628864288,-0.3544071912765503,-0.8404971361160278,-0.20282143354415894,-0.05692708492279053,-0.4362129271030426,-0.10712936520576477,-0.039567552506923676,-0.7080636024475098,-0.14903612434864044,-0.028506752103567123,-0.8719777464866638,-0.17616483569145203,-0.024114975705742836,-0.9997091293334961,-0.1975141316652298,0.07396072894334793,-0.40565696358680725,-0.130076065659523,0.17546947300434113,-0.6321113109588623,-0.18082360923290253,0.22703999280929565,-0.7623773813247681,-0.2195471078157425,0.26057344675064087,-0.8686291575431824,-0.24269022047519684,0.19992077350616455,-0.3523316979408264,-0.14592032134532928,0.3318077325820923,-0.4783903658390045,-0.1827155202627182,0.4036276936531067,-0.5521886348724365,-0.19069798290729523,0.45948249101638794,-0.6273636221885681,-0.19394396245479584,4,C:\Users\shubh\Downloads\asl_quality_bi\data\raw\asl_alphabet\4\1015.jpg
0.0,0.0,0.0,-0.13140885531902313,-0.1420881748199463,0.015035550110042095,-0.1541612297296524,-0.30914223194122314,0.013301592320203781,-0.08981005102396011,-0.44270727038383484,0.013572914525866508,-0.01918628439307213,-0.5033349990844727,0.011921018362045288,-0.16947945952415466,-0.4285109341144562,-0.07805515825748444,-0.26366686820983887,-0.6109449863433838,-0.133656308054924,-0.31946057081222534,-0.7400478720664978,-0.17520363628864288,-0.3544071912765503,-0.8404971361160278,-0.20282143354415894,-0.05692708492279053,-0.4362129271030426,-0.10712936520576477,-0.039567552506923676,-0.7080636024475098,-0.14903612434864044,-0.028506752103567123,-0.8719777464866638,-0.17616483569145203,-0.024114975705742836,-0.9997091293334961,-0.1975141316652298,0.07396072894334793,-0.40565696358680725,-0.130076065659523,0.17546947300434113,-0.6321113109588623,-0.18082360923290253,0.22703999280929565,-0.7623773813247681,-0.2195471078157425,0.26057344675064087,-0.8686291575431824,-0.24269022047519684,0.19992077350616455,-0.3523316979408264,-0.14592032134532928,0.3318077325820923,-0.4783903658390045,-0.1827155202627182,0.4036276936531067,-0.5521886348724365,-0.19069798290729523,0.45948249101638794,-0.6273636221885681,-0.19394396245479584,4,C:\Users\shubh\Downloads\asl_quality_bi\data\raw\asl_alphabet\4\1016 copy.jpg
0.0,0.0,0.0,-0.13140885531902313,-0.1420881748199463,0.015035550110042095,-0.1541612297296524,-0.30914223194122314,0.013301592320203781,-0.08981005102396011,-0.44270727038383484,0.013572914525866508,-0.01918628439307213,-0.5033349990844727,0.011921018362045288,-0.16947945952415466,-0.4285109341144562,-0.07805515825748444,-0.26366686820983887,-0.6109449863433838,-0.133656308054924,-0.31946057081222534,-0.7400478720664978,-0.17520363628864288,-0.3544071912765503,-0.8404971361160278,-0.20282143354415894,-0.05692708492279053,-0.4362129271030426,-0.10712936520576477,-0.039567552506923676,-0.7080636024475098,-0.14903612434864044,-0.028506752103567123,-0.8719777464866638,-0.17616483569145203,-0.024114975705742836,-0.9997091293334961,-0.1975141316652298,0.07396072894334793,-0.40565696358680725,-0.130076065659523,0.17546947300434113,-0.6321113109588623,-0.18082360923290253,0.22703999280929565,-0.7623773813247681,-0.2195471078157425,0.26057344675064087,-0.8686291575431824,-0.24269022047519684,0.19992077350616455,-0.3523316979408264,-0.14592032134532928,0.3318077325820923,-0.4783903658390045,-0.1827155202627182,0.4036276936531067,-0.5521886348724365,-0.19069798290729523,0.45948249101638794,-0.6273636221885681,-0.19394396245479584,4,C:\Users\shubh\Downloads\asl_quality_bi\data\raw\asl_alphabet\4\1016.jpg
0.0,0.0,0.0,-0.0953282043337822,-0.15797150135040283,0.025796731933951378,-0.11589496582746506,-0.3382411301136017,0.017732946202158928,-0.07799900323152542,-0.4877072870731354,0.008751258254051208,-0.06572741270065308,-0.5675981640815735,-0.004964781925082207,-0.1255883276462555,-0.42548495531082153,-0.08868333697319031,-0.21521343290805817,-0.590993344783783,-0.1568831503391266,-0.26470455527305603,-0.702388346195221,-0.20988352596759796,-0.29692691564559937,-0.7905325889587402,-0.24365606904029846,-0.024665651842951775,-0.42828652262687683,-0.12441088259220123,-0.007804597727954388,-0.7027152180671692,-0.18476030230522156,-0.0026075062341988087,-0.8717324137687683,-0.22149300575256348,-0.010564316064119339,-0.9999441504478455,-0.24867823719978333,0.09819461405277252,-0.3960171341896057,-0.15197277069091797,0.20874416828155518,-0.6320756077766418,-0.21455992758274078,0.2620866000652313,-0.7727817893028259,-0.26019325852394104,0.2911427319049835,-0.8808212876319885,-0.28665611147880554,0.2179483324289322,-0.3383753299713135,-0.17071481049060822,0.36294102668762207,-0.4698122441768646,-0.20852012932300568,0.43668532371520996,-0.5480815172195435,-0.2199915200471878,0.49110284447669983,-0.6256163716316223,-0.2275373637676239,4,C:\Users\shubh\Downloads\asl_quality_bi\data\raw\asl_alphabet\4\1017 copy.jpg
0.0,0.0,0.0,-0.0953282043337822,-0.15797150135040283,0.025796731933951378,-0.11589496582746506,-0.3382411301136017,0.017732946202158928,-0.07799900323152542,-0.4877072870731354,0.008751258254051208,-0.06572741270065308,-0.5675981640815735,-0.004964781925082207,-0.1255883276462555,-0.42548495531082153,-0.08868333697319031,-0.21521343290805817,-0.590993344783783,-0.1568831503391266,-0.26470455527305603,-0.702388346195221,-0.20988352596759796,-0.29692691564559937,-0.7905325889587402,-0.24365606904029846,-0.024665651842951775,-0.42828652262687683,-0.12441088259220123,-0.007804597727954388,-0.7027152180671692,-0.18476030230522156,-0.0026075062341988087,-0.8717324137687683,-0.22149300575256348,-0.010564316064119339,-0.9999441504478455,-0.24867823719978333,0.09819461405277252,-0.3960171341896057,-0.15197277069091797,0.20874416828155518,-0.6320756077766418,-0.21455992758274078,0.2620866000652313,-0.7727817893028259,-0.26019325852394104,0.2911427319049835,-0.8808212876319885,-0.28665611147880554,0.2179483324289322,-0.3383753299713135,-0.17071481049060822,0.36294102668762207,-0.4698122441768646,-0.20852012932300568,0.43668532371520996,-0.5480815172195435,-0.2199915200471878,0.49110284447669983,-0.6256163716316223,-0.2275373637676239,4,C:\Users\shubh\Downloads\asl_quality_bi\data\raw\asl_alphabet\4\1017.jpg
0.0,0.0,0.0,-0.0953282043337822,-0.15797150135040283,0.025796731933951378,-0.11589496582746506,-0.3382411301136017,0.017732946202158928,-0.07799900323152542,-0.4877072870731354,0.008751258254051208,-0.06572741270065308,-0.5675981640815735,-0.004964781925082207,-0.1255883276462555,-0.42548495531082153,-0.08868333697319031,-0.21521343290805817,-0.590993344783783,-0.1568831503391266,-0.26470455527305603,-0.702388346195221,-0.20988352596759796,-0.29692691564559937,-0.7905325889587402,-0.24365606904029846,-0.024665651842951775,-0.42828652262687683,-0.12441088259220123,-0.007804597727954388,-0.7027152180671692,-0.18476030230522156,-0.0026075062341988087,-0.8717324137687683,-0.22149300575256348,-0.010564316064119339,-0.9999441504478455,-0.24867823719978333,0.09819461405277252,-0.3960171341896057,-0.15197277069091797,0.20874416828155518,-0.6320756077766418,-0.21455992758274078,0.2620866000652313,-0.7727817893028259,-0.26019325852394104,0.2911427319049835,-0.8808212876319885,-0.28665611147880554,0.2179483324289322,-0.3383753299713135,-0.17071481049060822,0.36294102668762207,-0.4698122441768646,-0.20852012932300568,0.43668532371520996,-0.5480815172195435,-0.2199915200471878,0.49110284447669983,-0.6256163716316223,-0.2275373637676239,4,C:\Users\shubh\Downloads\asl_quality_bi\data\raw\asl_alphabet\4\1018 copy.jpg
0.0,0.0,0.0,-0.0953282043337822,-0.15797150135040283,0.025796731933951378,-0.11589496582746506,-0.3382411301136017,0.017732946202158928,-0.07799900323152542,-0.4877072870731354,0.008751258254051208,-0.06572741270065308,-0.5675981640815735,-0.004964781925082207,-0.1255883276462555,-0.42548495531082153,-0.08868333697319031,-0.21521343290805817,-0.590993344783783,-0.1568831503391266,-0.26470455527305603,-0.702388346195221,-0.20988352596759796,-0.29692691564559937,-0.7905325889587402,-0.24365606904029846,-0.024665651842951775,-0.42828652262687683,-0.12441088259220123,-0.007804597727954388,-0.7027152180671692,-0.18476030230522156,-0.0026075062341988087,-0.8717324137687683,-0.22149300575256348,-0.010564316064119339,-0.9999441504478455,-0.24867823719978333,0.09819461405277252,-0.3960171341896057,-0.15197277069091797,0.20874416828155518,-0.6320756077766418,-0.21455992758274078,0.2620866000652313,-0.7727817893028259,-0.26019325852394104,0.2911427319049835,-0.8808212876319885,-0.28665611147880554,0.2179483324289322,-0.3383753299713135,-0.17071481049060822,0.36294102668762207,-0.4698122441768646,-0.20852012932300568,0.43668532371520996,-0.5480815172195435,-0.2199915200471878,0.49110284447669983,-0.6256163716316223,-0.2275373637676239,4,C:\Users\shubh\Downloads\asl_quality_bi\data\raw\asl_alphabet\4\1018.jpg
0.0,0.0,0.0,-0.15584251284599304,-0.09232500940561295,-0.021036112681031227,-0.2668103873729706,-0.2080254703760147,-0.05388207733631134,-0.3523247241973877,-0.29745572805404663,-0.09054064750671387,-0.4519168436527252,-0.32522931694984436,-0.13334661722183228,-0.1869683861732483,-0.42016029357910156,-0.07652045786380768,-0.2759850025177002,-0.6245564222335815,-0.12613867223262787,-0.32400280237197876,-0.7520924210548401,-0.15926268696784973,-0.35824161767959595,-0.8475485444068909,-0.1822793036699295,-0.06518455594778061,-0.44829240441322327,-0.10257994383573532,-0.11030495911836624,-0.7020869255065918,-0.14763817191123962,-0.1382734328508377,-0.8669084906578064,-0.1809961199760437,-0.1652624011039734,-0.9862496256828308,-0.2069699615240097,0.060722965747117996,-0.43013426661491394,-0.12916208803653717,0.08200345188379288,-0.6533999443054199,-0.18296244740486145,0.08714048564434052,-0.8096332550048828,-0.23193521797657013,0.08230593055486679,-0.9298673272132874,-0.2636234760284424,0.1813766360282898,-0.37754952907562256,-0.15436172485351562,0.280335396528244,-0.5146194100379944,-0.19811585545539856,0.3301301896572113,-0.6077426075935364,-0.22110380232334137,0.3566665053367615,-0.6883667707443237,-0.23601017892360687,5,C:\Users\shubh\Downloads\asl_quality_bi\data\raw\asl_alphabet\5\10 copy.jpg
0.0,0.0,0.0,-0.15584251284599304,-0.09232500940561295,-0.021036112681031227,-0.2668103873729706,-0.2080254703760147,-0.05388207733631134,-0.3523247241973877,-0.29745572805404663,-0.09054064750671387,-0.4519168436527252,-0.32522931694984436,-0.13334661722183228,-0.1869683861732483,-0.42016029357910156,-0.07652045786380768,-0.2759850025177002,-0.6245564222335815,-0.12613867223262787,-0.32400280237197876,-0.7520924210548401,-0.15926268696784973,-0.35824161767959595,-0.8475485444068909,-0.1822793036699295,-0.06518455594778061,-0.44829240441322327,-0.10257994383573532,-0.11030495911836624,-0.7020869255065918,-0.14763817191123962,-0.1382734328508377,-0.8669084906578064,-0.1809961199760437,-0.1652624011039734,-0.9862496256828308,-0.2069699615240097,0.060722965747117996,-0.43013426661491394,-0.12916208803653717,0.08200345188379288,-0.6533999443054199,-0.18296244740486145,0.08714048564434052,-0.8096332550048828,-0.23193521797657013,0.08230593055486679,-0.9298673272132874,-0.2636234760284424,0.1813766360282898,-0.37754952907562256,-0.15436172485351562,0.280335396528244,-0.5146194100379944,-0.19811585545539856,0.3301301896572113,-0.6077426075935364,-0.22110380232334137,0.3566665053367615,-0.6883667707443237,-0.23601017892360687,5,C:\Users\shubh\Downloads\asl_quality_bi\data\raw\asl_alphabet\5\10.jpg
0.0,0.0,0.0,0.1896979808807373,-0.11858998984098434,-0.014613444916903973,0.23637422919273376,-0.28729572892189026,-0.03825685381889343,0.1766195148229599,-0.4068325459957123,-0.045142266899347305,0.0825924202799797,-0.4445989429950714,-0.053230077028274536,0.18868489563465118,-0.3954802453517914,-0.16831481456756592,0.3184337615966797,-0.6033968925476074,-0.206867977976799,0.39412084221839905,-0.7257277369499207,-0.2246595025062561,0.4475988447666168,-0.8327053189277649,-0.24938789010047913,0.03098059818148613,-0.45078402757644653,-0.17165566980838776,0.08076523244380951,-0.7219992876052856,-0.1970778852701187,0.13050320744514465,-0.74155592918396,-0.18382053077220917,0.1625887155532837,-0.7349615693092346,-0.18833129107952118,-0.12783044576644897,-0.45821982622146606,-0.16685549914836884,-0.08597451448440552,-0.7349808812141418,-0.20142845809459686,-0.03275353088974953,-0.695793867111206,-0.20389796793460846,0.002563658868893981,-0.6259115934371948,-0.21528758108615875,-0.2639080882072449,-0.4402059316635132,-0.15719737112522125,-0.3603110611438751,-0.6434656977653503,-0.2338099628686905,-0.42445099353790283,-0.7670027613639832,-0.288144588470459,-0.47020766139030457,-0.8825558423995972,-0.330491304397583,8,C:\Users\shubh\Downloads\asl_quality_bi\data\raw\asl_alphabet\8\1012 copy.jpg
0.0,0.0,0.0,0.1896979808807373,-0.11858998984098434,-0.014613444916903973,0.23637422919273376,-0.28729572892189026,-0.03825685381889343,0.1766195148229599,-0.4068325459957123,-0.045142266899347305,0.0825924202799797,-0.4445989429950714,-0.053230077028274536,0.18868489563465118,-0.3954802453517914,-0.16831481456756592,0.3184337615966797,-0.6033968925476074,-0.206867977976799,0.39412084221839905,-0.7257277369499207,-0.2246595025062561,0.4475988447666168,-0.8327053189277649,-0.24938789010047913,0.03098059818148613,-0.45078402757644653,-0.17165566980838776,0.08076523244380951,-0.7219992876052856,-0.1970778852701187,0.13050320744514465,-0.74155592918396,-0.18382053077220917,0.1625887155532837,-0.7349615693092346,-0.18833129107952118,-0.12783044576644897,-0.45821982622146606,-0.16685549914836884,-0.08597451448440552,-0.7349808812141418,-0.20142845809459686,-0.03275353088974953,-0.695793867111206,-0.20389796793460846,0.002563658868893981,-0.6259115934371948,-0.21528758108615875,-0.2639080882072449,-0.4402059316635132,-0.15719737112522125,-0.3603110611438751,-0.6434656977653503,-0.2338099628686905,-0.42445099353790283,-0.7670027613639832,-0.288144588470459,-0.47020766139030457,-0.8825558423995972,-0.330491304397583,8,C:\Users\shubh\Downloads\asl_quality_bi\data\raw\asl_alphabet\8\1012.jpg
0.0,0.0,0.0,0.1896979808807373,-0.11858998984098434,-0.014613444916903973,0.23637422919273376,-0.28729572892189026,-0.03825685381889343,0.1766195148229599,-0.4068325459957123,-0.045142266899347305,0.0825924202799797,-0.4445989429950714,-0.053230077028274536,0.18868489563465118,-0.3954802453517914,-0.16831481456756592,0.3184337615966797,-0.6033968925476074,-0.206867977976799,0.39412084221839905,-0.7257277369499207,-0.2246595025062561,0.4475988447666168,-0.8327053189277649,-0.24938789010047913,0.03098059818148613,-0.45078402757644653,-0.17165566980838776,0.08076523244380951,-0.7219992876052856,-0.1970778852701187,0.13050320744514465,-0.74155592918396,-0.18382053077220917,0.1625887155532837,-0.7349615693092346,-0.18833129107952118,-0.12783044576644897,-0.45821982622146606,-0.16685549914836884,-0.08597451448440552,-0.7349808812141418,-0.20142845809459686,-0.03275353088974953,-0.695793867111206,-0.20389796793460846,0.002563658868893981,-0.6259115934371948,-0.21528758108615875,-0.2639080882072449,-0.4402059316635132,-0.15719737112522125,-0.3603110611438751,-0.6434656977653503,-0.2338099628686905,-0.42445099353790283,-0.7670027613639832,-0.288144588470459,-0.47020766139030457,-0.8825558423995972,-0.330491304397583,8,C:\Users\shubh\Downloads\asl_quality_bi\data\raw\asl_alphabet\8\1013 copy.jpg
0.0,0.0,0.0,0.1896979808807373,-0.11858998984098434,-0.014613444916903973,0.23637422919273376,-0.28729572892189026,-0.03825685381889343,0.1766195148229599,-0.4068325459957123,-0.045142266899347305,0.0825924202799797,-0.4445989429950714,-0.053230077028274536,0.18868489563465118,-0.3954802453517914,-0.16831481456756592,0.3184337615966797,-0.6033968925476074,-0.206867977976799,0.39412084221839905,-0.7257277369499207,-0.2246595025062561,0.4475988447666168,-0.8327053189277649,-0.24938789010047913,0.03098059818148613,-0.45078402757644653,-0.17165566980838776,0.08076523244380951,-0.7219992876052856,-0.1970778852701187,0.13050320744514465,-0.74155592918396,-0.18382053077220917,0.1625887155532837,-0.7349615693092346,-0.18833129107952118,-0.12783044576644897,-0.45821982622146606,-0.16685549914836884,-0.08597451448440552,-0.7349808812141418,-0.20142845809459686,-0.03275353088974953,-0.695793867111206,-0.20389796793460846,0.002563658868893981,-0.6259115934371948,-0.21528758108615875,-0.2639080882072449,-0.4402059316635132,-0.15719737112522125,-0.3603110611438751,-0.6434656977653503,-0.2338099628686905,-0.42445099353790283,-0.7670027613639832,-0.288144588470459,-0.47020766139030457,-0.8825558423995972,-0.330491304397583,8,C:\Users\shubh\Downloads\asl_quality_bi\data\raw\asl_alphabet\8\1013.jpg
0.0,0.0,0.0,0.11913912743330002,-0.1997939497232437,-0.02572665922343731,0.26654285192489624,-0.3910171687602997,-0.08584849536418915,0.36562323570251465,-0.5413609743118286,-0.14423780143260956,0.43622344732284546,-0.6839051842689514,-0.21088381111621857,0.2831215560436249,-0.3818492293357849,-0.21692538261413574,0.3979693055152893,-0.6066604852676392,-0.36571037769317627,0.43936043977737427,-0.7582293748855591,-0.46794742345809937,0.44583362340927124,-0.895115852355957,-0.5288887619972229,0.2399653196334839,-0.30236923694610596,-0.26205670833587646,0.3632749319076538,-0.5210257768630981,-0.3887823224067688,0.41213259100914,-0.6881584525108337,-0.4537231922149658,0.42571020126342773,-0.8417077660560608,-0.5013983845710754,0.19673432409763336,-0.2022523730993271,-0.3036741018295288,0.31027597188949585,-0.3953818082809448,-0.40608981251716614,0.3573780953884125,-0.5435746312141418,-0.43400174379348755,0.3778931200504303,-0.6734586358070374,-0.4512839615345001,0.16148211061954498,-0.08555338531732559,-0.344594269990921,0.25330689549446106,-0.2260112315416336,-0.4307830333709717,0.31349074840545654,-0.35332658886909485,-0.450829416513443,0.3508813977241516,-0.472551554441452,-0.46070143580436707,9,C:\Users\shubh\Downloads\asl_quality_bi\data\raw\asl_alphabet\9\1000 copy.jpg
0.0,0.0,0.0,0.11913912743330002,-0.1997939497232437,-0.02572665922343731,0.26654285192489624,-0.3910171687602997,-0.08584849536418915,0.36562323570251465,-0.5413609743118286,-0.14423780143260956,0.43622344732284546,-0.6839051842689514,-0.21088381111621857,0.2831215560436249,-0.3818492293357849,-0.21692538261413574,0.3979693055152893,-0.6066604852676392,-0.36571037769317627,0.43936043977737427,-0.7582293748855591,-0.46794742345809937,0.44583362340927124,-0.895115852355957,-0.5288887619972229,0.2399653196334839,-0.30236923694610596,-0.26205670833587646,0.3632749319076538,-0.5210257768630981,-0.3887823224067688,0.41213259100914,-0.6881584525108337,-0.4537231922149658,0.42571020126342773,-0.8417077660560608,-0.5013983845710754,0.19673432409763336,-0.2022523730993271,-0.3036741018295288,0.31027597188949585,-0.3953818082809448,-0.40608981251716614,0.3573780953884125,-0.5435746312141418,-0.43400174379348755,0.3778931200504303,-0.6734586358070374,-0.4512839615345001,0.16148211061954498,-0.08555338531732559,-0.344594269990921,0.25330689549446106,-0.2260112315416336,-0.4307830333709717,0.31349074840545654,-0.35332658886909485,-0.450829416513443,0.3508813977241516,-0.472551554441452,-0.46070143580436707,9,C:\Users\shubh\Downloads\asl_quality_bi\data\raw\asl_alphabet\9\1000.jpg
